﻿[
  {
    "id": 2225,
    "Key": "shrine",
    "enUS": "shrine",
    "zhTW": "聖壇",
    "deDE": "Schrein",
    "esES": "Santuario",
    "frFR": "Sanctuaire",
    "itIT": "Santuario",
    "koKR":"성소",
    "plPL": "kapliczka",
    "esMX": "sagrario",
    "jaJP": "祭壇",
    "ptBR": "altar",
    "ruRU": "святилище",
    "zhCN": "圣坛"
  },
  {
    "id": 3255,
    "Key": "Shrine",
    "enUS": "Shrine",
    "zhTW": "聖壇",
    "deDE": "[ms]Schrein",
    "esES": "Santuario",
    "frFR": "Sanctuaire",
    "itIT": "[ms]Santuario",
    "koKR":"성소",
    "plPL": "Kapliczka",
    "esMX": "Sagrario",
    "jaJP": "祭壇",
    "ptBR": "Altar",
    "ruRU": "Святилище",
    "zhCN": "圣坛"
  },
  {
    "id": 3683,
    "Key": "ShrMsg0",
    "enUS": "You feel nothing.",
    "zhTW": "你沒有任何感覺。",
    "deDE": "Ihr fühlt nichts.",
    "esES": "No sientes nada.",
    "frFR": "Vous ne sentez rien.",
    "itIT": "Non senti più niente.",
    "koKR":"아무 변화가 없는 것 같다.",
    "plPL": "Nic nie czujesz.",
    "esMX": "No sientes nada.",
    "jaJP": "何も感じられなかった。",
    "ptBR": "Nada aconteceu.",
    "ruRU": "Вы ничего не чувствуете.",
    "zhCN": "你没有任何感觉。"
  },
  {
    "id": 3684,
    "Key": "ShrMsg1",
    "enUS": "You feel refreshed.",
    "zhTW": "你感到精神百倍。",
    "deDE": "Ihr fühlt Euch erfrischt.",
    "esES": "Te recorre una sensación de vigor.",
    "frFR": "Vous vous sentez reposé.",
    "itIT": "Ti senti più in forze.",
    "koKR":"원기가 회복된 것 같다.",
    "plPL": "Czujesz przypływ sił.",
    "esMX": "Sientes tu cuerpo renovado.",
    "jaJP": "活力が湧いてきた。",
    "ptBR": "Suas energias estão renovadas.",
    "ruRU": "Вы чувствуете прилив бодрости.",
    "zhCN": "你感觉神清气爽。"
  },
  {
    "id": 3685,
    "Key": "ShrMsg2",
    "enUS": "You feel healthy.",
    "zhTW": "你感到生命力旺盛。",
    "deDE": "Ihr fühlt Euch gesund.",
    "esES": "Te recorre una sensación de bienestar.",
    "frFR": "Vous vous sentez en bonne santé.",
    "itIT": "Ti senti più in salute.",
    "koKR":"체력이 회복된 것 같다.",
    "plPL": "Czujesz się lepiej.",
    "esMX": "Has sanado.",
    "jaJP": "元気が湧いてきた。",
    "ptBR": "Sua saúde está renovada.",
    "ruRU": "Вас наполняет здоровье.",
    "zhCN": "你感觉很健康。"
  },
  {
    "id": 3686,
    "Key": "ShrMsg3",
    "enUS": "You feel recharged.",
    "zhTW": "你感到能量充沛。",
    "deDE": "Ihr fühlt Euch erholt.",
    "esES": "Te recorre una sensación de recuperación.",
    "frFR": "Vous vous sentez rechargé.",
    "itIT": "Ti senti pervadere dall'energia.",
    "koKR":"정신력이 회복된 것 같다.",
    "plPL": "Czujesz, że odzyskujesz moc.",
    "esMX": "Te sientes con más energía.",
    "jaJP": "マナが注ぎ込まれた。",
    "ptBR": "Seu espírito está renovado.",
    "ruRU": "Ваши силы восстановлены.",
    "zhCN": "你感觉能量恢复了。"
  },
  {
    "id": 3687,
    "Key": "ShrMsg4",
    "enUS": "You feel incredibly healthy.",
    "zhTW": "你感到生命力無比旺盛。",
    "deDE": "Ihr fühlt Euch unglaublich gesund.",
    "esES": "Te recorre una sensación increíble de bienestar.",
    "frFR": "Vous vous sentez incroyablement bien.",
    "itIT": "Ti senti pervadere dalla vitalità.",
    "koKR":"놀랄 정도로 건강해진 것 같다.",
    "plPL": "Czujesz się wyjątkowo dobrze.",
    "esMX": "Te sientes con más vitalidad.",
    "jaJP": "元気がみなぎってきた。",
    "ptBR": "Sua saúde está muito melhor.",
    "ruRU": "Вас до краев наполняет здоровье.",
    "zhCN": "你感觉非常健康。"
  },
  {
    "id": 3688,
    "Key": "ShrMsg5",
    "enUS": "You feel infused with energy.",
    "zhTW": "你感到體內能量滿溢。",
    "deDE": "Ihr fühlt Euch von Energie durchströmt.",
    "esES": "Te recorre una sensación de energía.",
    "frFR": "Vous vous sentez plein d’énergie.",
    "itIT": "Senti l'energia scorrere in te.",
    "koKR":"에너지로 충만해진 것 같다.",
    "plPL": "Czujesz przypływ energii.",
    "esMX": "Rebosas de energía.",
    "jaJP": "マナがみなぎってきた。",
    "ptBR": "Seu espírito está muito melhor.",
    "ruRU": "Вы чувствуете приток энергии.",
    "zhCN": "你感觉被灌注了能量。"
  },
  {
    "id": 3689,
    "Key": "ShrMsg6",
    "enUS": "Your skin hardens.",
    "zhTW": "你的皮膚變硬了。",
    "deDE": "Eure Haut wird härter.",
    "esES": "Se te endurece la piel.",
    "frFR": "Votre peau se durcit.",
    "itIT": "La tua pelle si indurisce.",
    "koKR":"당신의 피부가 단단해 젔다.",
    "plPL": "Twoja skóra twardnieje.",
    "esMX": "Tu piel se endurece.",
    "jaJP": "皮膚が頑丈になった。",
    "ptBR": "Sua pele está mais resistente.",
    "ruRU": "Ваша кожа становится крепче.",
    "zhCN": "你的皮肤变硬了。"
  },
  {
    "id": 3690,
    "Key": "ShrMsg7",
    "enUS": "You feel ready for battle.",
    "zhTW": "你感到隨時能投身戰場。",
    "deDE": "Ihr fühlt Euch kampfbereit.",
    "esES": "Te sientes con fuerza para el combate.",
    "frFR": "Vous vous sentez prêt au combat.",
    "itIT": "Ti senti in grado di affrontare ogni battaglia.",
    "koKR":"전투력이 향상된 것 같다.",
    "plPL": "Jesteś w pełnej gotowości do walki.",
    "esMX": "Tu cuerpo está listo para la batalla.",
    "jaJP": "戦いへの覚悟が深まった。",
    "ptBR": "Sua disposição para a batalha está maior.",
    "ruRU": "Вы чувствуете готовность к бою.",
    "zhCN": "你感觉自己斗志旺盛。"
  },
  {
    "id": 3691,
    "Key": "ShrMsg8",
    "enUS": "You no longer fear fire.",
    "zhTW": "你不再畏懼火焰了。",
    "deDE": "Ihr fürchtet kein Feuer mehr.",
    "esES": "Ya no tienes miedo al fuego.",
    "frFR": "Le feu ne vous fait plus rien.",
    "itIT": "Non temi più il fuoco.",
    "koKR":"불에 대해서 강해진 것 같다.",
    "plPL": "Nie obawiasz się już ognia.",
    "esMX": "Ya no le temes al fuego.",
    "jaJP": "火への恐れがなくなった。",
    "ptBR": "Você deixou de temer o fogo.",
    "ruRU": "Вы больше не боитесь огня.",
    "zhCN": "你不再惧怕火焰。"
  },
  {
    "id": 3692,
    "Key": "ShrMsg9",
    "enUS": "You no longer fear cold.",
    "zhTW": "你不再畏懼冰寒了。",
    "deDE": "Ihr fürchtet keine Kälte mehr.",
    "esES": "Ya no tienes miedo al frío.",
    "frFR": "Le froid ne vous fait plus rien.",
    "itIT": "Non temi più il freddo.",
    "koKR":"냉기에 대해서 강해진 것 같다.",
    "plPL": "Nie obawiasz się już zimna.",
    "esMX": "Ya no le temes al frío.",
    "jaJP": "冷気への恐れがなくなった。",
    "ptBR": "Você deixou de temer o gelo.",
    "ruRU": "Вы больше не боитесь льда.",
    "zhCN": "你不再惧怕寒冷。"
  },
  {
    "id": 3693,
    "Key": "ShrMsg10",
    "enUS": "You no longer fear lightning.",
    "zhTW": "你不再畏懼電擊了。",
    "deDE": "Ihr fürchtet keinen Blitz mehr.",
    "esES": "Ya no tienes miedo a los rayos.",
    "frFR": "La foudre ne vous fait plus rien.",
    "itIT": "Non temi più i fulmini.",
    "koKR":"번개에 대해서 강해진 것 같다.",
    "plPL": "Nie obawiasz się już błyskawic.",
    "esMX": "Ya no le temes al rayo.",
    "jaJP": "電撃への恐れがなくなった。",
    "ptBR": "Você deixou de temer a eletricidade.",
    "ruRU": "Вы больше не боитесь молнии.",
    "zhCN": "你不再惧怕闪电。"
  },
  {
    "id": 3694,
    "Key": "ShrMsg11",
    "enUS": "You no longer fear poison.",
    "zhTW": "你不再畏懼毒素了。",
    "deDE": "Ihr fürchtet kein Gift mehr.",
    "esES": "Ya no tienes miedo al veneno.",
    "frFR": "Le poison ne vous fait plus rien.",
    "itIT": "Non temi più il veleno.",
    "koKR":"독에 대해서 강해진 것 같다.",
    "plPL": "Nie obawiasz się już trucizn.",
    "esMX": "Ya no le temes al veneno.",
    "jaJP": "毒への恐れがなくなった。",
    "ptBR": "Você deixou de temer o veneno.",
    "ruRU": "Вы больше не боитесь яда.",
    "zhCN": "你不再惧怕毒素。"
  },
  {
    "id": 3695,
    "Key": "ShrMsg12",
    "enUS": "You feel more skillful.",
    "zhTW": "你感到技巧變得熟練。",
    "deDE": "Ihr fühlt Euch geschickter.",
    "esES": "Te sientes más hábil.",
    "frFR": "Vous vous sentez plus adroit.",
    "itIT": "Ti senti più abile.",
    "koKR":"기술이 향상된 것 같다.",
    "plPL": "Rosną twe umiejętności.",
    "esMX": "Te sientes más hábil.",
    "jaJP": "技が研ぎ澄まされた。",
    "ptBR": "Suas habilidades estão reforçadas.",
    "ruRU": "Ваши умения улучшились.",
    "zhCN": "你感觉技艺更娴熟了。"
  },
  {
    "id": 3696,
    "Key": "ShrMsg13",
    "enUS": "Your spiritual force recovers quickly.",
    "zhTW": "你的精神力量快速回復。",
    "deDE": "Eure geistigen Kräfte erholen sich schnell.",
    "esES": "Recuperas rápidamente la fuerza espiritual.",
    "frFR": "Votre force spirituelle revient rapidement.",
    "itIT": "La tua forza spirituale si riprende rapidamente.",
    "koKR":"정신력이 신속히 회복되는 것 같다.",
    "plPL": "Twoje energia duchowa szybko się odnawia.",
    "esMX": "Tu fuerza espiritual se recupera rápidamente.",
    "jaJP": "マナの回復が速くなった。",
    "ptBR": "Sua força espiritual recupera-se mais rapidamente.",
    "ruRU": "Ваша духовная сила быстро восстанавливается.",
    "zhCN": "你的精神力量正在快速恢复。"
  },
  {
    "id": 3697,
    "Key": "ShrMsg14",
    "enUS": "The weight of the world seems lighter.",
    "zhTW": "世界的重量似乎變輕了。",
    "deDE": "Das Gewicht der Welt scheint leichter zu sein.",
    "esES": "Sientes que te has quitado un peso de encima.",
    "frFR": "Votre fardeau semble plus léger.",
    "itIT": "Il tuo fardello sembra alleggerirsi.",
    "koKR":"몸이 아주 가벼워진 것 같다.",
    "plPL": "Świat wydaje się lżejszy.",
    "esMX": "El peso del mundo parece desvanecerse.",
    "jaJP": "体が軽く感じられるようになった。",
    "ptBR": "O mundo parece estar mais leve.",
    "ruRU": "Вам стало легче выдерживать тяжесть мира.",
    "zhCN": "世界的重量似乎减轻了。"
  },
  {
    "id": 3698,
    "Key": "ShrMsg15",
    "enUS": "Your experience teaches you well.",
    "zhTW": "你的經驗讓你更上層樓。",
    "deDE": "Eure Erfahrung macht sich bezahlt.",
    "esES": "Aprendes mucho de tu experiencia.",
    "frFR": "Vos expériences vous ont bien servi.",
    "itIT": "La tua esperienza ti insegna molte cose.",
    "koKR":"경험보다 훌륭한 스승은 없다.",
    "plPL": "Twoje doświadczenie dobrze ci służy.",
    "esMX": "La experiencia es el mejor maestro.",
    "jaJP": "経験から学びやすくなった。",
    "ptBR": "Sua experiência gera mais frutos.",
    "ruRU": "Вы извлекаете урок из приобретенного опыта.",
    "zhCN": "你从经历中感悟到了许多。"
  },
  {
    "id": 3699,
    "Key": "ShrMsg16",
    "enUS": "Your sense of identity is subtly changed.",
    "zhTW": "你對自我的認知隱約改變了。",
    "deDE": "Euer Selbstverständnis hat sich leicht verändert.",
    "esES": "Ha cambiado ligeramente tu sentido de identidad.",
    "frFR": "Votre pouvoir d’identification a changé.",
    "itIT": "Il tuo senso d'identità cambia leggermente.",
    "koKR":"분별력에 대한 미묘한 변화가 있다.",
    "plPL": "Twoje poczucie tożsamości trochę się zmieniło.",
    "esMX": "Tu sentido de la identidad ha cambiado sutilmente.",
    "jaJP": "自分が少し違って感じられる。",
    "ptBR": "Sua identidade mudou sutilmente.",
    "ruRU": "Вы чувствуете себя не вполне собой.",
    "zhCN": "你的认知感发生了微妙的变化。"
  },
  {
    "id": 3700,
    "Key": "ShrMsg17",
    "enUS": "The freedom to go home...",
    "zhTW": "回家的自由…",
    "deDE": "Ahhh, der Weg nach Hause...",
    "esES": "La libertad de volver a casa...",
    "frFR": "La possibilité de rentrer chez vous…",
    "itIT": "La libertà di andare a casa...",
    "koKR":"집으로 돌아갈 자유...",
    "plPL": "Możesz udać się do domu...",
    "esMX": "La libertad de volver a casa...",
    "jaJP": "これで拠点に戻れる…",
    "ptBR": "A liberdade de voltar para casa...",
    "ruRU": "Свобода вернуться домой...",
    "zhCN": "回家的自由……"
  },
  {
    "id": 3701,
    "Key": "ShrMsg18",
    "enUS": "A marvelous gem...",
    "zhTW": "華貴的寶石…",
    "deDE": "Ein wunderbarer Edelstein...",
    "esES": "Una gema maravillosa...",
    "frFR": "Une très belle pierre précieuse…",
    "itIT": "Una gemma meravigliosa...",
    "koKR":"오! 신비스로운 보석이여...",
    "plPL": "Wspaniały klejnot...",
    "esMX": "Una gema maravillosa...",
    "jaJP": "宝石がきらめいた…",
    "ptBR": "Uma gema magnífica...",
    "ruRU": "Необыкновенный самоцвет...",
    "zhCN": "一颗非凡的宝石……"
  },
  {
    "id": 3702,
    "Key": "ShrMsg19",
    "enUS": "A fiery death...",
    "zhTW": "火熱的死亡…",
    "deDE": "Ein feuriger Tod...",
    "esES": "Una muerte abrasadora...",
    "frFR": "Une mort atroce…",
    "itIT": "Una morte infuocata...",
    "koKR":"죽음의 공포를...",
    "plPL": "Ognista śmierć...",
    "esMX": "Una muerte ardiente...",
    "jaJP": "死の炎を浴びろ…",
    "ptBR": "Uma morte incandescente...",
    "ruRU": "Огненная смерть...",
    "zhCN": "一次炽烈的死亡……"
  },
  {
    "id": 3703,
    "Key": "ShrMsg20",
    "enUS": "Death's advocate approaches.",
    "zhTW": "死亡的代言人逼近了。",
    "deDE": "Des Teufels Advokat kommt näher...",
    "esES": "Se acerca un emisario de la muerte.",
    "frFR": "L’avocat du Diable approche.",
    "itIT": "L'araldo della morte si avvicina.",
    "koKR":"죽음의 화신이 다가온다.",
    "plPL": "Nadchodzi adwokat śmierci.",
    "esMX": "El enviado de la muerte se acerca.",
    "jaJP": "死の使いが近づいてくる…",
    "ptBR": "Um defensor da morte se aproxima.",
    "ruRU": "Приближается посланник смерти.",
    "zhCN": "死神的使者正在逼近。"
  },
  {
    "id": 3704,
    "Key": "ShrMsg21",
    "enUS": "A circle of flame...",
    "zhTW": "火焰之環…",
    "deDE": "Ein Kreis des Feuers...",
    "esES": "Un círculo de llamas...",
    "frFR": "Un cercle de feu…",
    "itIT": "Un cerchio di fiamme...",
    "koKR":"작열하는 폭발...",
    "plPL": "Krąg płomieni...",
    "esMX": "Un círculo de llamas...",
    "jaJP": "炎の円環がもたらされた…",
    "ptBR": "Um círculo de chamas...",
    "ruRU": "Круг огня...",
    "zhCN": "一个烈焰之环……"
  },
  {
    "id": 3705,
    "Key": "ShrMsg22",
    "enUS": "A circle of death...",
    "zhTW": "死亡之環…",
    "deDE": "Ein Kreis des Todes...",
    "esES": "Un círculo de muerte...",
    "frFR": "Un cercle de mort…",
    "itIT": "Un cerchio di morte...",
    "koKR":"발산하는 죽음의 가스...",
    "plPL": "Krąg śmierci...",
    "esMX": "Un círculo de muerte...",
    "jaJP": "死の円環がもたらされた…",
    "ptBR": "Um círculo mortífero...",
    "ruRU": "Круг смерти...",
    "zhCN": "一个死亡之环……"
  },
  {
    "id": 10809,
    "Key": "ShrId0",
    "enUS": "Null Shrine",
    "zhTW": "空無聖壇",
    "deDE": "Schrein des Nichts",
    "esES": "Santuario nulo",
    "frFR": "Sanctuaire vide",
    "itIT": "Santuario nullo",
    "koKR":"비워진 성소",
    "plPL": "Pusta kapliczka",
    "esMX": "Sagrario nulo",
    "jaJP": "無の祭壇",
    "ptBR": "Altar Nulificante",
    "ruRU": "Нуль-святилище",
    "zhCN": "虚无圣坛"
  },
  {
    "id": 10810,
    "Key": "ShrId1",
    "enUS": "Refilling Shrine",
    "zhTW": "回復聖壇",
    "deDE": "Füllender Schrein",
    "esES": "Santuario de recarga",
    "frFR": "Sanctuaire de recharge",
    "itIT": "Santuario della ricarica",
    "koKR":"보충의 성소",
    "plPL": "Kapliczka napełnienia",
    "esMX": "Sagrario de regeneración",
    "jaJP": "回復の祭壇",
    "ptBR": "Altar Restaurador",
    "ruRU": "Святилище восстановления",
    "zhCN": "恢复圣坛"
  },
  {
    "id": 10811,
    "Key": "ShrId2",
    "enUS": "Health Shrine",
    "zhTW": "生命聖壇",
    "deDE": "Gesundheitsschrein",
    "esES": "Santuario de salud",
    "frFR": "Sanctuaire de santé",
    "itIT": "Santuario della salute",
    "koKR":"생명의 성소",
    "plPL": "Kapliczka zdrowia",
    "esMX": "Sagrario de vida",
    "jaJP": "命の祭壇",
    "ptBR": "Altar de Vida",
    "ruRU": "Святилище здоровья",
    "zhCN": "生命圣坛"
  },
  {
    "id": 10812,
    "Key": "ShrId3",
    "enUS": "Mana Shrine",
    "zhTW": "法力聖壇",
    "deDE": "Manaschrein",
    "esES": "Santuario de maná",
    "frFR": "Sanctuaire de mana",
    "itIT": "Santuario del mana",
    "koKR":"마나의 성소",
    "plPL": "Kapliczka many",
    "esMX": "Sagrario de maná",
    "jaJP": "マナの祭壇",
    "ptBR": "Altar de Mana",
    "ruRU": "Святилище маны",
    "zhCN": "法力圣坛"
  },
  {
    "id": 10813,
    "Key": "ShrId4",
    "enUS": "Health Exchange Shrine",
    "zhTW": "生命交換聖壇",
    "deDE": "Schrein des Gesundheitstausches",
    "esES": "Santuario de intercambio de salud",
    "frFR": "Sanctuaire d’échange de santé",
    "itIT": "Santuario dello scambio di salute",
    "koKR":"생명 교환의 성소",
    "plPL": "Kapliczka zamiany zdrowia",
    "esMX": "Sagrario de intercambio de vida",
    "jaJP": "命の交換の祭壇",
    "ptBR": "Altar de Troca de Vida",
    "ruRU": "Святилище обмена здоровьем",
    "zhCN": "生命交换圣坛"
  },
  {
    "id": 10814,
    "Key": "ShrId5",
    "enUS": "Mana Exchange Shrine",
    "zhTW": "法力交換聖壇",
    "deDE": "Schrein des Manatausches",
    "esES": "Santuario de intercambio de maná",
    "frFR": "Sanctuaire d’échange de mana",
    "itIT": "Santuario dello scambio di mana",
    "koKR":"마나 교환의 성소",
    "plPL": "Kapliczka zamiany many",
    "esMX": "Sagrario de intercambio de maná",
    "jaJP": "マナ交換の祭壇",
    "ptBR": "Altar de Troca de Mana",
    "ruRU": "Святилище обмена маной",
    "zhCN": "法力交换圣坛"
  },
  {
    "id": 10815,
    "Key": "ShrId6",
    "enUS": "Armor Shrine",
    "zhTW": "護甲聖壇",
    "deDE": "Rüstungsschrein",
    "esES": "Santuario de armadura",
    "frFR": "Sanctuaire d’armure",
    "itIT": "Santuario dell'armatura",
    "koKR":"방어의 성소",
    "plPL": "Kapliczka zbroi",
    "esMX": "Sagrario de armadura",
    "jaJP": "守りの祭壇",
    "ptBR": "Altar de Armadura",
    "ruRU": "Святилище брони",
    "zhCN": "护甲圣坛"
  },
  {
    "id": 10816,
    "Key": "ShrId7",
    "enUS": "Combat Shrine",
    "zhTW": "作戰聖壇",
    "deDE": "Kampfschrein",
    "esES": "Santuario de combate",
    "frFR": "Sanctuaire de combat",
    "itIT": "Santuario del combattimento",
    "koKR":"전투의 성소",
    "plPL": "Kapliczka walki",
    "esMX": "Sagrario de combate",
    "jaJP": "戦いの祭壇",
    "ptBR": "Altar de Combate",
    "ruRU": "Святилище сражений",
    "zhCN": "战斗圣坛"
  },
  {
    "id": 10817,
    "Key": "ShrId8",
    "enUS": "Resist Fire Shrine",
    "zhTW": "抗火聖壇",
    "deDE": "Schrein des Feuerwiderstands",
    "esES": "Santuario de resistencia al fuego",
    "frFR": "Sanctuaire de résistance au Feu",
    "itIT": "Santuario della resistenza al fuoco",
    "koKR":"화염 저항력의 성소",
    "plPL": "Kapliczka odporności na ogień",
    "esMX": "Sagrario de resistencia al fuego",
    "jaJP": "火炎耐性の祭壇",
    "ptBR": "Altar de Resistência a Fogo",
    "ruRU": "Святилище сопротивления огню",
    "zhCN": "抗火圣坛"
  },
  {
    "id": 10818,
    "Key": "ShrId9",
    "enUS": "Resist Cold Shrine",
    "zhTW": "抗寒聖壇",
    "deDE": "Schrein des Kältewiderstands",
    "esES": "Santuario de resistencia al frío",
    "frFR": "Sanctuaire de résistance au Froid",
    "itIT": "Santuario della resistenza al freddo",
    "koKR":"냉기 저항력의 성소",
    "plPL": "Kapliczka odporności na zimno",
    "esMX": "Sagrario de resistencia al frío",
    "jaJP": "冷気耐性の祭壇",
    "ptBR": "Altar de Resistência a Gelo",
    "ruRU": "Святилище сопротивления льду",
    "zhCN": "抗冰圣坛"
  },
  {
    "id": 10819,
    "Key": "ShrId10",
    "enUS": "Resist Lightning Shrine",
    "zhTW": "抗電聖壇",
    "deDE": "Schrein des Blitzwiderstands",
    "esES": "Santuario de resistencia a los rayos",
    "frFR": "Sanctuaire de résistance à la Foudre",
    "itIT": "Santuario della resistenza al fulmine",
    "koKR":"번개 저항력의 성소",
    "plPL": "Kapliczka odporności na błyskawice",
    "esMX": "Sagrario de resistencia al rayo",
    "jaJP": "電撃耐性の祭壇",
    "ptBR": "Altar de Resistência Elétrica",
    "ruRU": "Святилище сопротивления молнии",
    "zhCN": "抗雷圣坛"
  },
  {
    "id": 10820,
    "Key": "ShrId11",
    "enUS": "Resist Poison Shrine",
    "zhTW": "抗毒聖壇",
    "deDE": "Schrein des Giftwiderstands",
    "esES": "Santuario de resistencia al veneno",
    "frFR": "Sanctuaire de résistance au Poison",
    "itIT": "Santuario della resistenza al veleno",
    "koKR":"독 저항력의 성소",
    "plPL": "Kapliczka odporności na trucizny",
    "esMX": "Sagrario de resistencia al veneno",
    "jaJP": "毒物耐性の祭壇",
    "ptBR": "Altar de Resistência a Veneno",
    "ruRU": "Святилище сопротивления яду",
    "zhCN": "抗毒圣坛"
  },
  {
    "id": 10821,
    "Key": "ShrId12",
    "enUS": "Skill Shrine",
    "zhTW": "技能聖壇",
    "deDE": "Fertigkeitsschrein",
    "esES": "Santuario de habilidad",
    "frFR": "Sanctuaire de compétence",
    "itIT": "Santuario dell'abilità",
    "koKR":"기술의 성소",
    "plPL": "Kapliczka umiejętności",
    "esMX": "Sagrario de habilidad",
    "jaJP": "スキルの祭壇",
    "ptBR": "Altar de Habilidades",
    "ruRU": "Святилище умений",
    "zhCN": "技能圣坛"
  },
  {
    "id": 10822,
    "Key": "ShrId13",
    "enUS": "Mana Recharge Shrine",
    "zhTW": "法力恢復聖壇",
    "deDE": "Schrein der Manaerneuerung",
    "esES": "Santuario de recarga de maná",
    "frFR": "Sanctuaire de recharge de mana",
    "itIT": "Santuario della ricarica del mana",
    "koKR":"마나 재충전의 성소",
    "plPL": "Kapliczka odzyskiwania many",
    "esMX": "Sagrario de recarga de maná",
    "jaJP": "マナ再生の祭壇",
    "ptBR": "Altar de Recarga de Mana",
    "ruRU": "Святилище восполнения маны",
    "zhCN": "法力补充圣坛"
  },
  {
    "id": 10823,
    "Key": "ShrId14",
    "enUS": "Stamina Shrine",
    "zhTW": "精力聖壇",
    "deDE": "Ausdauerschrein",
    "esES": "Santuario de aguante",
    "frFR": "Sanctuaire d’endurance",
    "itIT": "Santuario del vigore",
    "koKR":"스태미나의 성소",
    "plPL": "Kapliczka wytrzymałości",
    "esMX": "Sagrario de vigor",
    "jaJP": "スタミナの祭壇",
    "ptBR": "Altar de Vigor",
    "ruRU": "Святилище выносливости",
    "zhCN": "耐力圣坛"
  },
  {
    "id": 10824,
    "Key": "ShrId15",
    "enUS": "Experience Shrine",
    "zhTW": "經驗聖壇",
    "deDE": "Erfahrungsschrein",
    "esES": "Santuario de experiencia",
    "frFR": "Sanctuaire d’expérience",
    "itIT": "Santuario dell'esperienza",
    "koKR":"경험의 성소",
    "plPL": "Kapliczka doświadczenia",
    "esMX": "Sagrario de experiencia",
    "jaJP": "経験の祭壇",
    "ptBR": "Altar de Experiência",
    "ruRU": "Святилище опыта",
    "zhCN": "经验圣坛"
  },
  {
    "id": 10825,
    "Key": "ShrId16",
    "enUS": "Enirhs Shrine",
    "zhTW": "壇聖聖壇",
    "deDE": "Nierhcs-Schrein",
    "esES": "Santuario de Oirautnas",
    "frFR": "Sanctuaire d’Enirhs",
    "itIT": "Santuario di Enirh",
    "koKR":"에너의 성소",
    "plPL": "Kapliczka akczilpak",
    "esMX": "Sagrario oirargas",
    "jaJP": "ンダイサの祭壇",
    "ptBR": "Altar de Ratla",
    "ruRU": "Святилище Ещилитявс",
    "zhCN": "颠倒圣坛"
  },
  {
    "id": 10826,
    "Key": "ShrId17",
    "enUS": "Portal Shrine",
    "zhTW": "傳送聖壇",
    "deDE": "Portalschrein",
    "esES": "Santuario de portal",
    "frFR": "Sanctuaire de portail",
    "itIT": "Santuario del portale",
    "koKR":"포탈의 성소",
    "plPL": "Kapliczka portalu",
    "esMX": "Sagrario de portal",
    "jaJP": "ポータルの祭壇",
    "ptBR": "Altar do Portal",
    "ruRU": "Святилище портала",
    "zhCN": "传送圣坛"
  },
  {
    "id": 10827,
    "Key": "ShrId18",
    "enUS": "Gem Shrine",
    "zhTW": "寶石聖壇",
    "deDE": "Edelsteinschrein",
    "esES": "Santuario de gema",
    "frFR": "Sanctuaire de gemme",
    "itIT": "Santuario della gemma",
    "koKR":"보석의 성소",
    "plPL": "Kapliczka klejnotów",
    "esMX": "Sagrario de gema",
    "jaJP": "宝石の祭壇",
    "ptBR": "Altar de Gema",
    "ruRU": "Святилище самоцветов",
    "zhCN": "宝石圣坛"
  },
  {
    "id": 10828,
    "Key": "ShrId19",
    "enUS": "Fire Shrine",
    "zhTW": "火焰聖壇",
    "deDE": "Feuerschrein",
    "esES": "Santuario de fuego",
    "frFR": "Sanctuaire de Feu",
    "itIT": "Santuario del fuoco",
    "koKR":"불의 성소",
    "plPL": "Kapliczka ognia",
    "esMX": "Sagrario de fuego",
    "jaJP": "火炎の祭壇",
    "ptBR": "Altar Ígneo",
    "ruRU": "Святилище огня",
    "zhCN": "火焰圣坛"
  },
  {
    "id": 10829,
    "Key": "ShrId20",
    "enUS": "Monster Shrine",
    "zhTW": "怪物聖壇",
    "deDE": "Monsterschrein",
    "esES": "Santuario monstruoso",
    "frFR": "Sanctuaire de monstre",
    "itIT": "Santuario del mostro",
    "koKR":"몬스터의 성소",
    "plPL": "Kapliczka potworów",
    "esMX": "Sagrario de monstruos",
    "jaJP": "魔物の祭壇",
    "ptBR": "Altar Monstruoso",
    "ruRU": "Святилище монстров",
    "zhCN": "怪物圣坛"
  },
  {
    "id": 10830,
    "Key": "ShrId21",
    "enUS": "Exploding Shrine",
    "zhTW": "爆炸聖壇",
    "deDE": "Explosionsschrein",
    "esES": "Santuario explosivo",
    "frFR": "Sanctuaire explosif",
    "itIT": "Santuario dell'esplosione",
    "koKR":"폭발의 성소",
    "plPL": "Kapliczka eksplozji",
    "esMX": "Sagrario explosivo",
    "jaJP": "爆発の祭壇",
    "ptBR": "Altar Explosivo",
    "ruRU": "Святилище взрывов",
    "zhCN": "爆炸圣坛"
  },
  {
    "id": 10831,
    "Key": "ShrId22",
    "enUS": "Poison Shrine",
    "zhTW": "劇毒聖壇",
    "deDE": "Giftschrein",
    "esES": "Santuario de veneno",
    "frFR": "Sanctuaire de Poison",
    "itIT": "Santuario del veleno",
    "koKR":"독의 성소",
    "plPL": "Kapliczka trucizny",
    "esMX": "Sagrario de veneno",
    "jaJP": "毒の祭壇",
    "ptBR": "Altar Venenoso",
    "ruRU": "Святилище яда",
    "zhCN": "毒素圣坛"
  },
  {
    "id": 22592,
    "Key": "Shrine2wilderness",
    "enUS": "Shrine",
    "zhTW": "聖壇",
    "deDE": "Schrein",
    "esES": "Santuario",
    "frFR": "Sanctuaire",
    "itIT": "Santuario",
    "koKR":"성소",
    "plPL": "Kapliczka",
    "esMX": "Sagrario",
    "jaJP": "祭壇",
    "ptBR": "Altar",
    "ruRU": "Святилище",
    "zhCN": "圣坛"
  },
  {
    "id": 22593,
    "Key": "Shrine3wilderness",
    "enUS": "Shrine",
    "zhTW": "聖壇",
    "deDE": "Schrein",
    "esES": "Santuario",
    "frFR": "Sanctuaire",
    "itIT": "Santuario",
    "koKR":"성소",
    "plPL": "Kapliczka",
    "esMX": "Sagrario",
    "jaJP": "祭壇",
    "ptBR": "Altar",
    "ruRU": "Святилище",
    "zhCN": "圣坛"
  }
]
